label,category,url
15,Institutions|Vie citoyenne,https://vie-publique.fr/loi/20774-loi-confiance-dans-la-vie-politique-moralisation-de-la-vie-publique
15,Sécurité|Justice,https://vie-publique.fr/loi/20776-prorogation-de-letat-durgence-du-15-juillet-au-1er-novembre-2017
15,Sécurité|Justice,https://vie-publique.fr/loi/20775-loi-securite-interieure-et-lutte-contre-le-terrorisme-loi-silt
15,Collectivités locales|Administration|Fonction publique,https://vie-publique.fr/loi/21004-competences-des-collectivites-locales-pour-la-prevention-des-inondations
15,Santé|Solidarités,https://vie-publique.fr/loi/20782-loi-de-financement-de-la-securite-sociale-pour-2018-plfss
15,Économie|Finances publiques,https://vie-publique.fr/loi/20783-loi-de-finances-rectificative-pour-2017-collectif-budgetaire-taxe-sur
15,Économie|Finances publiques,https://vie-publique.fr/loi/20784-loi-de-finances-rectificative-pour-2017
15,Économie|Finances publiques,https://vie-publique.fr/loi/20779-budget-projet-de-loi-de-finances-pour-2018
15,Emploi|Travail,https://vie-publique.fr/loi/20777-loi-15-septembre-2017-dhabilitation-ordonnances-travail-macron
15,Environnement|Énergies|Transports,https://vie-publique.fr/loi/20778-loi-30-decembre-2017-fin-recherche-et-exploitation-hydrocarbures-energie
15,Institutions|Vie citoyenne,https://vie-publique.fr/loi/20998-modalites-de-depot-de-candidature-aux-elections
15,Institutions|Vie citoyenne,https://vie-publique.fr/loi/20789-loi-25-juin-2018-election-des-representants-au-parlement-europeen
15,Institutions|Vie citoyenne,https://vie-publique.fr/loi/21018-parlementaires-dans-certains-organismes-exterieurs-au-parlement
15,Sécurité|Justice,https://vie-publique.fr/loi/21006-application-du-regime-dasile-europeen-procedure-dublin
15,Sécurité|Justice,https://vie-publique.fr/loi/21028-harmonisation-de-lutilisation-des-cameras-mobiles-par-les-autorites-de
15,Sécurité|Justice,https://vie-publique.fr/loi/21027-lutte-contre-les-rodeos-motorises-proposition-de-loi
15,Sécurité|Justice,https://vie-publique.fr/loi/20794-loi-schiappa-3-aout-2018-lutte-contre-atteintes-sexuelles-et-sexistes
15,Sécurité|Justice,https://vie-publique.fr/loi/20792-loi-10-septemmbre-2018-immigration-droit-dasile-et-integration
15,Collectivités locales|Administration|Fonction publique,https://vie-publique.fr/loi/20795-loi-19-avril-2018-consultation-accession-souverainete-nouvelle-caledonie
15,Collectivités locales|Administration|Fonction publique,https://vie-publique.fr/loi/21009-transfert-des-competences-eau-et-assainissement-aux-communautes-de-commu
15,Collectivités locales|Administration|Fonction publique,https://vie-publique.fr/loi/21003-loi-10-aout-2018-essoc-pour-etat-au-service-dune-societe-de-confiance
15,Collectivités locales|Administration|Fonction publique,https://vie-publique.fr/loi/21002-loi-accueil-des-gens-du-voyage-et-la-lutte-contre-les-installations-illi
15,Santé|Solidarités,https://vie-publique.fr/loi/20805-loi-de-financement-de-la-securite-sociale-pour-2019-lfss-2019
15,Économie|Finances publiques,https://vie-publique.fr/loi/20780-programmation-des-finances-publiques-pour-les-annees-2018-2022
15,Économie|Finances publiques,https://vie-publique.fr/loi/21022-proposition-de-loi-relative-la-protection-du-secret-des-affaires
15,Économie|Finances publiques,https://vie-publique.fr/loi/20796-loi-du-23-octobre-2018-lutte-contre-la-fraude
15,Économie|Finances publiques,https://vie-publique.fr/loi/20790-loi-30-octobre-2018-egalim-equilibre-relations-commerciales-agriculture
15,Économie|Finances publiques,https://vie-publique.fr/loi/20807-loi-de-finances-rectificative-pour-2018-collectif-budgetaire
15,Économie|Finances publiques,https://vie-publique.fr/loi/20812-loi-24-decembre-2018-gilets-jaunes-mesures-economiques-et-sociales
15,Économie|Finances publiques,https://vie-publique.fr/loi/20803-projet-de-loi-de-finances-pour-2019-budget-2019
15,Emploi|Travail,https://vie-publique.fr/loi/21005-don-de-jours-de-repos-non-pris-pour-des-aidants-familiaux
15,Emploi|Travail,https://vie-publique.fr/loi/20781-loi-29-mars-2018-ratification-ordonnances-travail-macron
15,Emploi|Travail,https://vie-publique.fr/loi/20799-loi-5-septembre-2018-pour-la-liberte-de-choisir-son-avenir-professionnel
15,Environnement|Énergies|Transports,https://vie-publique.fr/loi/20793-pour-un-nouveau-pacte-ferroviaire-loi-dhabilitation-ordonnances-de-re
15,Territoires|Logement,https://vie-publique.fr/loi/20797-loi-elan-portant-evolution-du-logement-de-lamenagement-et-du-numerique
15,Territoires|Logement,https://vie-publique.fr/loi/21007-loi-visant-faciliter-la-sortie-de-lindivision-successorale-en-outre-m
15,Éducation|Recherche,https://vie-publique.fr/loi/20786-loi-8-mars-2018-ore-orientation-et-reussite-des-etudiants-parcoursup
15,Éducation|Recherche,https://vie-publique.fr/loi/21011-regime-douverture-et-de-controle-des-etablissements-prives-hors-contrat
15,Éducation|Recherche,https://vie-publique.fr/loi/21019-encadrement-de-lutilisation-du-telephone-portable-dans-les-ecoles-et-le
15,Nouvelles technologies – Culture|Médias|Loisirs,https://vie-publique.fr/loi/20785-loi-du-26-mars-2018-organisation-jeux-olympiques-et-paralympiques-2024
15,Nouvelles technologies – Culture|Médias|Loisirs,https://vie-publique.fr/loi/20787-loi-20-juin-2018-protection-des-donnees-personnelles-cnil-rgpd
15,Nouvelles technologies – Culture|Médias|Loisirs,https://vie-publique.fr/loi/21026-loi-manipulation-de-linformation-loi-fake-news
15,UE|Défense|International,https://vie-publique.fr/loi/20791-loi-13-juillet-2018-programmation-militaire-pour-2019-2025-defense
16,Institutions|Vie citoyenne,https://vie-publique.fr/loi/287464-deroulement-des-elections-senatoriales-loi-2-fevrier-2023
16,Sécurité|Justice,https://vie-publique.fr/loi/284424-loi-24-janvier-2023-securite-lopmi-programmation-ministere-interieur
16,Sécurité|Justice,https://vie-publique.fr/loi/286851-aide-durgence-victimes-violences-conjugales-loi-du-28-fevrier-2023
16,Sécurité|Justice,https://vie-publique.fr/loi/287639-jo-2024-loi-du-19-mai-2023-jeux-olympiques-et-paralympiques
16,Sécurité|Justice,https://vie-publique.fr/loi/289020-loi-18-juillet-2023-douane-moyens-faire-face-aux-nouvelles-menaces
16,Sécurité|Justice,https://vie-publique.fr/loi/289259-justice-loi-du-20-novembre-2023-orientation-et-programmation-2023-2027
16,Sécurité|Justice,https://vie-publique.fr/loi/289260-statut-de-la-magistrature-loi-organique-du-20-novembre-2023
16,Collectivités locales|Administration|Fonction publique,https://vie-publique.fr/loi/287166-soutien-protection-elus-victimes-dagression-loi-du-24-janvier-2023
16,Collectivités locales|Administration|Fonction publique,https://vie-publique.fr/loi/288746-loi-26-juin-2023-representation-communes-conseils-communautaires-parite
16,Collectivités locales|Administration|Fonction publique,https://vie-publique.fr/loi/288919-parite-dans-la-haute-fonction-publique-femmes-loi-du-19-juillet-2023
16,Collectivités locales|Administration|Fonction publique,https://vie-publique.fr/loi/288650-loi-20-juillet-2023-accompagnement-elus-contre-artificialisation-sols
16,Collectivités locales|Administration|Fonction publique,https://vie-publique.fr/loi/290308-reconstruction-suite-aux-emeutes-violences-urbaines-loi-25-juillet-2023
16,Collectivités locales|Administration|Fonction publique,https://vie-publique.fr/loi/289937-loi-du-30-decembre-2023-revaloriser-les-secretaires-de-mairie
16,Santé|Solidarités,https://vie-publique.fr/loi/287426-retraite-agriculteurs-25-meilleures-annees-loi-13-fevrier-2023
16,Santé|Solidarités,https://vie-publique.fr/loi/287916-loi-reforme-des-retraites-2023-plfss-rectificatif
16,Santé|Solidarités,https://vie-publique.fr/loi/287381-encadrement-centres-dentaires-et-ophtalmo-loi-19-mai-2023
16,Santé|Solidarités,https://vie-publique.fr/loi/288203-acces-aux-soins-loi-rist-du-19-mai-2023
16,Santé|Solidarités,https://vie-publique.fr/loi/288561-fausses-couches-accompagner-les-femmes-victimes-loi-7-juillet-2023
16,Santé|Solidarités,https://vie-publique.fr/loi/288404-parents-denfants-gravement-malades-ou-handicapes-loi-du-19-juillet-2023
16,Santé|Solidarités,https://vie-publique.fr/loi/291211-plfss-2024-loi-de-financement-de-la-securite-sociale
16,Santé|Solidarités,https://vie-publique.fr/loi/289899-loi-valletoux-acces-aux-soins-deserts-medicaux
16,Économie|Finances publiques,https://vie-publique.fr/loi/287878-grande-distribution-relation-fournisseurs-loi-descrozaille-30-mars-2023
16,Économie|Finances publiques,https://vie-publique.fr/loi/289323-loi-industrie-verte-du-23-octobre-2023
16,Économie|Finances publiques,https://vie-publique.fr/loi/291192-loi-du-17-novembre-2023-negociations-commerciales-prix-alimentaires
16,Économie|Finances publiques,https://vie-publique.fr/loi/291613-loi-du-30-novembre-2023-de-finances-de-fin-de-gestion-2023
16,Économie|Finances publiques,https://vie-publique.fr/loi/286456-loi-programmation-des-finances-publiques-lpfp-2023-2027
16,Économie|Finances publiques,https://vie-publique.fr/loi/291190-loi-du-29-decembre-2023-de-finances-pour-2024-budget-plf
16,Emploi|Travail,https://vie-publique.fr/loi/289541-loi-du-29-novembre-2023-partage-valeur-en-entreprise-transposition-ani
16,Emploi|Travail,https://vie-publique.fr/loi/289715-loi-plein-emploi-france-travail-rsa-handicap-du-18-decembre-2023
16,Emploi|Travail,https://vie-publique.fr/loi/291954-loi-prolongation-tickets-restaurant-pour-des-courses-alimentaires
16,Environnement|Énergies|Transports,https://vie-publique.fr/loi/286391-energies-renouvelables-loi-du-10-mars-2023
16,Environnement|Énergies|Transports,https://vie-publique.fr/loi/288247-financement-renovation-energetique-batiments-publics-loi-du-30-mars-2023
16,Environnement|Énergies|Transports,https://vie-publique.fr/loi/288758-faciliter-le-permis-de-conduire-loi-houlie-du-21-juin-2023
16,Environnement|Énergies|Transports,https://vie-publique.fr/loi/286979-acceleration-du-nucleaire-loi-du-22-juin-2023-epr2
16,Environnement|Énergies|Transports,https://vie-publique.fr/loi/288912-incendies-feux-de-forets-prevention-et-lutte-loi-du-10-juillet-2023
16,Environnement|Énergies|Transports,https://vie-publique.fr/loi/288774-dumping-social-sur-ferries-transmanche-loi-le-gac-26-juillet-2023
16,Environnement|Énergies|Transports,https://vie-publique.fr/loi/291544-loi-ouverture-la-concurrence-du-reseau-de-bus-francilien-de-la-ratp
16,Environnement|Énergies|Transports,https://vie-publique.fr/loi/290687-loi-serm-rer-services-express-regionaux-metropolitains
16,Environnement|Énergies|Transports,https://vie-publique.fr/loi/291123-loi-controleurs-aeriens-declaration-individuelle-de-greve
16,Territoires|Logement,https://vie-publique.fr/loi/289644-prolongation-plafonnement-hausse-des-loyers-loi-7-juillet-2023
16,Territoires|Logement,https://vie-publique.fr/loi/287344-loi-anti-squat-occupation-illicite-des-logements-expulsion
16,Éducation|Recherche,https://vie-publique.fr/loi/288932-loi-13-avril-2023-precarite-etudiante-restauration-tarif-modere
16,Éducation|Recherche,https://vie-publique.fr/loi/289362-loi-erasmus-de-lapprentissage-mobilite-des-alternants
16,Nouvelles technologies|Culture|Médias,https://vie-publique.fr/loi/288793-loi-influenceurs-proposition-de-loi-delaporte-vojetta
16,Nouvelles technologies|Culture|Médias,https://vie-publique.fr/loi/288274-majorite-numerique-15-ans-reseaux-sociaux-loi-7-juillet-2023
16,Nouvelles technologies|Culture|Médias,https://vie-publique.fr/loi/289101-restitution-des-bien-culturels-spolies-1933-1945-loi-22-juillet-2023
16,Nouvelles technologies|Culture|Médias,https://vie-publique.fr/loi/289831-loi-restitution-de-restes-humains-appartenant-aux-collections-publiques
16,UE|Défense,https://vie-publique.fr/loi/287296-loi-dadue-du-9-mars-2023-dispositions-dadaptation-au-droit-de-lue
16,UE|Défense,https://vie-publique.fr/loi/288878-loi-du-1er-aout-2023-programmation-militaire-2024-2030-lpm
16,Sécurité|Justice,https://vie-publique.fr/loi/285972-loi-16-aout-2022-retrait-contenus-terroristes-sur-internet-dans-lheure
16,Économie|Finances publiques,https://vie-publique.fr/loi/285614-loi-finances-rectificative-aout-2022-budget-rectificatif-pouvoir-dachat
16,Économie|Finances publiques,https://vie-publique.fr/loi/285608-loi-pouvoir-dachat-16-aout-2022
16,Économie|Finances publiques,https://vie-publique.fr/loi/286978-loi-1er-decembre-2022-de-finances-rectificative-budget-rectificatif
16,Économie|Finances publiques,https://vie-publique.fr/loi/286445-loi-de-finances-2023-plf-budget-2023
16,Emploi|Travail,https://vie-publique.fr/loi/286642-loi-fraude-cpf-compte-personnel-de-formation
16,Emploi|Travail,https://vie-publique.fr/loi/286195-reforme-de-lassurance-chomage-et-de-la-vae-loi-du-21-decembre-2022
16,Santé|Solidarités,https://vie-publique.fr/loi/285591-loi-sanitaire-du-30-juillet-2022-fin-des-regimes-dexception
16,Santé|Solidarités,https://vie-publique.fr/loi/286458-loi-23-decembre-2022-financement-securite-sociale-2023-budget-secu-plfss
16,Administration|Fonction publique,https://vie-publique.fr/loi/287649-loi-16-decembre-2022-cdisation-des-aesh-et-assistants-deducation-aed
15,Institutions|Vie citoyenne,https://vie-publique.fr/loi/269285-loi-entree-selon-deputes-europeens-elus-en-france-avant-brexit
15,Sécurité|Justice,https://vie-publique.fr/loi/269313-loi-programmation-2018-2022-et-reforme-pour-la-justice
15,Sécurité|Justice,https://vie-publique.fr/loi/21036-loi-10-avril-2019-ordre-public-manifestations
15,Sécurité|Justice,https://vie-publique.fr/loi/269368-loi-11-decembre-2019-lisibilite-droit-par-abrogation-lois-obsoletes
15,Sécurité|Justice,https://vie-publique.fr/loi/271281-proposition-de-loi-action-contre-les-violences-au-sein-de-la-famille
15,Collectivités locales|Administration|Fonction publique,https://vie-publique.fr/loi/269272-loi-organique-modification-du-statut-dautonomie-de-la-polynesie-francai
15,Collectivités locales|Administration|Fonction publique,https://vie-publique.fr/loi/270745-loi-sur-les-communes-nouvelles-du-1er-aout-2019
15,Collectivités locales|Administration|Fonction publique,https://vie-publique.fr/loi/268695-projet-de-loi-relatif-competences-de-la-collectivite-europeenne-dalsace
15,Collectivités locales|Administration|Fonction publique,https://vie-publique.fr/loi/24180-loi-du-6-aout-2019-transformation-fonction-publique
15,Collectivités locales|Administration|Fonction publique,https://vie-publique.fr/loi/268675-loi-du-27-decembre-2019-engagement-dans-la-vie-locale-loi-sur-les-maires
15,Santé|Solidarités,https://vie-publique.fr/loi/269315-prise-en-charge-des-cancers-pediatriques
15,Santé|Solidarités,https://vie-publique.fr/loi/269311-reconnaissance-des-proches-aidants-proposition-de-loi
15,Santé|Solidarités,https://vie-publique.fr/loi/269355-loi-resiliation-sans-frais-de-contrats-de-complementaire-sante
15,Santé|Solidarités,https://vie-publique.fr/loi/268696-projet-de-loi-organisation-et-la-transformation-du-systeme-de-sante
15,Santé|Solidarités,https://vie-publique.fr/loi/270993-loi-du-24-decembre-2019-de-financement-de-la-securite-sociale-pour-2020
15,Économie|Finances publiques,https://vie-publique.fr/loi/269300-loi-22-mai-2019-pacte-croissance-et-transformation-des-entreprises
15,Économie|Finances publiques,https://vie-publique.fr/loi/24181-loi-24-juillet-2019-creation-taxe-sur-les-services-numeriques-taxe-gafa
15,Économie|Finances publiques,https://vie-publique.fr/loi/271656-loi-du-2-decembre-2019-de-finances-rectificative-pour-2019
15,Économie|Finances publiques,https://vie-publique.fr/loi/270746-loi-du-28-decembre-2019-de-finances-pour-2020-budget-2020
15,Environnement|Énergies|Transports,https://vie-publique.fr/loi/269261-modification-missions-federations-chasseurs-renforcement-police
15,Environnement|Énergies|Transports,https://vie-publique.fr/loi/23814-loi-energie-et-climat-du-8-novembre-2019
15,Environnement|Énergies|Transports,https://vie-publique.fr/loi/20809-loi-du-24-decembre-2019-dorientation-des-mobilites-lom
15,Territoires|Logement,https://vie-publique.fr/loi/21033-loi-22-juillet-2019-agence-nationale-de-la-cohesion-des-territoires-anct
15,Éducation|Recherche,https://vie-publique.fr/loi/21034-loi-interdiction-de-la-fessee-violences-educatives-ordinaires
15,Éducation|Recherche,https://vie-publique.fr/loi/269264-loi-ecole-de-la-confiance-du-26-juillet-2019-loi-blanquer
15,Nouvelles technologies|Culture|Médias|Loisirs,https://vie-publique.fr/loi/268690-creation-droit-voisin-pour-agences-de-presse-et-des-editeurs-de-presse
15,Nouvelles technologies|Culture|Médias|Loisirs,https://vie-publique.fr/loi/22001-loi-29-juillet-2019-restauration-cathedrale-notre-dame-de-paris
15,Nouvelles technologies|Culture|Médias|Loisirs,https://vie-publique.fr/loi/268665-loi-18-octobre-2019-modernisation-distribution-de-la-presse-loi-bichet
15,UE|Défense|International,https://vie-publique.fr/loi/20804-loi-19-janvier-2019-brexit-habilitation-ordonnances-preparation-brexit
15,UE|Défense|International,https://vie-publique.fr/loi/20813-loi-25-fevrier-2019-acte-electoral-europeen-approbation-decision-2018
16,Institutions|Vie citoyenne,https://vie-publique.fr/loi/294668-loi-du-15-avril-2024-report-elections-provinciales-nouvelle-caledonie
16,Sécurité|Justice,https://vie-publique.fr/loi/287993-loi-immigration-integration-asile-du-26-janvier-2024
16,Sécurité|Justice,https://vie-publique.fr/loi/288160-loi-du-18-mars-2024-violences-intrafamiliales-inceste-autorite-parentale
16,Sécurité|Justice,https://vie-publique.fr/loi/292141-loi-15-avril-2024-troubles-de-voisinage-conflits-la-campagne
16,Sécurité|Justice,https://vie-publique.fr/loi/291820-loi-du-10-mai-2024-renforcer-la-lutte-contre-les-derives-sectaires
16,Sécurité|Justice,https://vie-publique.fr/loi/292732-loi-du-31-mai-2024-justice-patrimoniale-en-cas-de-violences-conjugales
16,Sécurité|Justice,https://vie-publique.fr/loi/292859-loi-du-13-juin-2024-ordonnance-de-protection-violences-conjugales
16,Sécurité|Justice,https://vie-publique.fr/loi/293849-loi-warsmann-24-juin-2024-saisie-confiscation-avoirs-criminels
16,Sécurité|Justice,https://vie-publique.fr/loi/293529-prevenir-les-ingerences-etrangeres-loi-du-25-juillet-2024
16,Collectivités locales|Administration,https://vie-publique.fr/loi/292918-violences-contre-elus-locaux-protection-des-maires-loi-du-21-mars-2024
16,Collectivités locales|Administration,https://vie-publique.fr/loi/293045-regions-mise-disposition-des-routes-loi-du-22-mars-2024
16,Collectivités locales|Administration,https://vie-publique.fr/loi/294681-loi-29-mars-2024-renovation-batiments-scolaires-par-les-collectivites
16,Collectivités locales|Administration,https://vie-publique.fr/loi/294158-loi-du-13-juin-2024-dematerialisation-etat-civil-affaires-etrangeres
16,Santé|Solidarités,https://vie-publique.fr/loi/292357-liberte-recours-ivg-dans-la-constitution-avortement-loi-du-8-mars-2024
16,Santé|Solidarités,https://vie-publique.fr/loi/291928-loi-du-8-avril-2024-bien-vieillir-grand-age-et-autonomie-ehpad
16,Santé|Solidarités,https://vie-publique.fr/loi/292855-loi-15-avril-2024-soutenir-lengagement-benevole-et-vie-associative
16,Économie,https://vie-publique.fr/loi/293872-loi-du-13-juin-2024-attractivite-financiere-entreprises-en-bourse
16,Environnement|Énergies|Transports,https://vie-publique.fr/loi/292416-reemploi-des-voitures-usagees-pour-les-plus-precaires-loi-5-avril-2024
16,Environnement|Énergies|Transports,https://vie-publique.fr/loi/288132-edf-loi-du-11-avril-2024-visant-proteger-le-groupe-dun-demembrement
16,Environnement|Énergies|Transports,https://vie-publique.fr/loi/292470-loi-21-mai-2024-surete-nucleaire-fusion-asn-et-irsn
16,Logement,https://vie-publique.fr/loi/292388-renovation-habitat-indigne-coproprietes-degradees-loi-du-9-avril-2024
16,Éducation,https://vie-publique.fr/loi/294687-loi-du-2-avril-2024-perenniser-les-jardins-denfants
16,Éducation,https://vie-publique.fr/loi/292792-accompagnement-des-aesh-pendant-la-pause-dejeuner-loi-du-27-mai-2024
16,Nouvelles technologies|Loisirs|Sport,https://vie-publique.fr/loi/288483-loi-droit-limage-des-enfants-sur-internet
16,Nouvelles technologies|Loisirs|Sport,https://vie-publique.fr/loi/293058-loi-du-8-mars-2024-violences-sexuelles-dans-le-sport-protection-mineurs
16,Nouvelles technologies|Loisirs|Sport,https://vie-publique.fr/loi/289345-loi-sren-du-21-mai-2024-securiser-et-reguler-lespace-numerique
16,UE|International,https://vie-publique.fr/loi/294702-loi-du-5-avril-2024-commission-evaluation-aide-publique-au-developpement
16,UE|International,https://vie-publique.fr/loi/291850-loi-du-22-avril-2024-diverses-dispositions-dadaptation-droit-ue-ddadue
15,Institutions|Vie citoyenne,https://vie-publique.fr/loi/274392-loi-securiser-le-second-tour-des-municipales-procurations
15,Institutions|Vie citoyenne,https://vie-publique.fr/loi/274393-loi-organique-report-election-six-senateurs-francais-de-letranger
15,Institutions|Vie citoyenne,https://vie-publique.fr/loi/275039-loi-organique-prolongation-mandat-des-membres-du-cese
15,Institutions|Vie citoyenne,https://vie-publique.fr/loi/277501-loi-repartition-des-conseillers-de-lassemblee-de-guyane
15,Institutions|Vie citoyenne,https://vie-publique.fr/loi/277250-loi-extension-delais-elections-municipales-partielles
15,Institutions|Vie citoyenne,https://vie-publique.fr/loi/277240-loi-organique-delais-elections-legislatives-et-senatoriales-partielles
15,Sécurité|Justice,https://vie-publique.fr/loi/273943-loi-organique-30-mars-2020-urgence-faire-face-lepidemie-de-covid-19
15,Sécurité|Justice,https://vie-publique.fr/loi/273137-loi-du-30-juillet-2020-proteger-les-victimes-de-violences-conjugales
15,Sécurité|Justice,https://vie-publique.fr/loi/274754-loi-mesures-de-surete-contre-les-auteurs-dinfractions-terroristes
15,Sécurité|Justice,https://vie-publique.fr/loi/274747-loi-prorogation-mesures-lutte-contre-terrorisme-code-securite-interieure
15,Sécurité|Justice,https://vie-publique.fr/loi/273012-loi-parquet-europeen-et-justice-penale-environnementale
15,Collectivités locales|Administration|Fonction publique,https://vie-publique.fr/loi/273138-loi-asap-7-decembre-2020-acceleration-et-simplification-action-publique
15,Santé|Solidarités,https://vie-publique.fr/loi/271770-loi-du-6-mars-2020-pch-acces-la-prestation-de-compensation-du-handicap
15,Santé|Solidarités,https://vie-publique.fr/loi/273942-loi-durgence-pour-faire-face-lepidemie-de-covid-19
15,Santé|Solidarités,https://vie-publique.fr/loi/274230-loi-du-11-mai-2020-prolongation-etat-durgence-sanitaire
15,Santé|Solidarités,https://vie-publique.fr/loi/274274-loi-diverses-dispositions-urgentes-pour-consequences-du-covid-19
15,Santé|Solidarités,https://vie-publique.fr/loi/269358-statut-de-citoyen-sauveteur-lutte-contre-arret-cardiaque
15,Santé|Solidarités,https://vie-publique.fr/loi/274501-loi-9-juillet-2020-organisant-la-sortie-de-letat-durgence-sanitaire
15,Santé|Solidarités,https://vie-publique.fr/loi/274394-lois-7-aout-2020-dette-sociale-et-autonomie-5e-risque-dependance
15,Santé|Solidarités,https://vie-publique.fr/loi/276818-loi-14-novembre-2020-prolongation-etat-urgence-sanitaire-16-fevrier-2021
15,Santé|Solidarités,https://vie-publique.fr/loi/276423-loi-14-decembre-2020-financement-securite-sociale-2021-plfss-budget-secu
15,Économie|Finances publiques,https://vie-publique.fr/loi/273946-loi-de-finances-rectificative-pour-2020-budget-rectificatif-covid-19
15,Économie|Finances publiques,https://vie-publique.fr/loi/274104-2e-loi-de-finances-rectificative-2020-budget-de-crise-covid-19
15,Économie|Finances publiques,https://vie-publique.fr/loi/273113-loi-24-juillet-2020-demarchage-telephonique-et-appels-frauduleux
15,Économie|Finances publiques,https://vie-publique.fr/loi/274508-loi-du-30-juillet-2020-de-finances-rectificative-3e-budget-rectificatif
15,Économie|Finances publiques,https://vie-publique.fr/loi/277070-loi-30-novembre-2020-finances-rectificative-2020-4e-budget-rectificatif
15,Économie|Finances publiques,https://vie-publique.fr/loi/276603-loi-ddadue-2020-adaptation-au-droit-ue-economie-et-finance
15,Économie|Finances publiques,https://vie-publique.fr/loi/276378-loi-29-decembre-2020-de-finances-pour-2021-budget-2021-relance
15,Emploi|Travail,https://vie-publique.fr/loi/273136-proposition-de-loi-modalites-de-conge-de-deuil-pour-le-deces-dun-enfant
15,Emploi|Travail,https://vie-publique.fr/loi/274423-loi-30-juillet-2020-dons-cheque-vacances-personnel-soignant-covid-19
15,Emploi|Travail,https://vie-publique.fr/loi/275990-loi-14-decembre-2020-extension-experimentation-territoire-zero-chomeur
15,Environnement|Énergies|Transports,https://vie-publique.fr/loi/268681-loi-10-fevrier-2020-lutte-contre-le-gaspillage-et-economie-circulaire
15,Environnement|Énergies|Transports,https://vie-publique.fr/loi/276032-loi-14-decembre-2020-derogation-utilisation-neonicotinoides-betteraves
15,Éducation|Recherche,https://vie-publique.fr/loi/275347-loi-de-programmation-de-la-recherche-2021-2030-lppr
15,Nouvelles technologies – Culture|Médias|Loisirs,https://vie-publique.fr/loi/268070-loi-avia-lutte-contre-les-contenus-haineux-sur-internet
15,Nouvelles technologies – Culture|Médias|Loisirs,https://vie-publique.fr/loi/273385-loi-19-octobre-2020-travail-enfants-youtubeurs-influenceurs-sur-internet
15,Nouvelles technologies – Culture|Médias|Loisirs,https://vie-publique.fr/loi/275500-loi-sur-la-restitution-de-biens-culturels-au-benin-et-du-senegal
15,Institutions|Vie citoyenne,https://vie-publique.fr/loi/275038-loi-15-janvier-2021-cese-conseil-economique-social-et-environnemental
15,Institutions|Vie citoyenne,https://vie-publique.fr/loi/277829-loi-report-elections-regionales-departementales-juin-2021
15,Institutions|Vie citoyenne,https://vie-publique.fr/loi/277851-loi-organique-29-mars-2021-mesures-election-president-de-la-republique
15,Sécurité|Justice,https://vie-publique.fr/loi/277708-loi-26-fevrier-2021-ratifiant-ordonnance-code-justice-penale-mineurs
15,Sécurité|Justice,https://vie-publique.fr/loi/277443-loi-8-avril-2021-justice-de-proximite-et-reponse-penale
15,Sécurité|Justice,https://vie-publique.fr/loi/278807-loi-8-avril-2021-recours-droit-au-respect-dignite-en-detention
15,Sécurité|Justice,https://vie-publique.fr/loi/278212-loi-21-avril-2021-violences-sexuelles-sur-mineurs-et-inceste
15,Sécurité|Justice,https://vie-publique.fr/loi/277157-loi-pour-une-securite-globale-preservant-les-libertes
15,Sécurité|Justice,https://vie-publique.fr/loi/279167-loi-1er-juin-2021-usage-dangereux-du-protoxyde-dazote-gaz-hilarant
15,Sécurité|Justice,https://vie-publique.fr/loi/279661-loi-30-juillet-2021-prevention-terrorisme-et-renseignement
15,Sécurité|Justice,https://vie-publique.fr/loi/277621-loi-separatisme-respect-des-principes-de-la-republique-24-aout-2021
15,Sécurité|Justice,https://vie-publique.fr/loi/280089-loi-matras-25-novembre-2021-securite-civile-sapeurs-pompiers
15,Sécurité|Justice,https://vie-publique.fr/loi/280291-loi-du-6-decembre-2021-visant-nommer-les-enfants-nes-sans-vie
15,Sécurité|Justice,https://vie-publique.fr/loi/279445-loi-confiance-dans-linstitution-judiciaire-reforme-dupond-moretti
15,Sécurité|Justice,https://vie-publique.fr/loi/279466-loi-organique-confiance-dans-linstitution-judiciaire-magistrats
15,Collectivités locales|Administration|Fonction publique,https://vie-publique.fr/loi/275530-loi-19-avril-2021-experimentations-locales-differenciation-territoriale
15,Collectivités locales|Administration|Fonction publique,https://vie-publique.fr/loi/278328-loi-service-public-deau-potable-guadeloupe
15,Collectivités locales|Administration|Fonction publique,https://vie-publique.fr/loi/279395-loi-17-juin-2021-ratification-ordonnances-formation-des-elus-locaux
15,Collectivités locales|Administration|Fonction publique,https://vie-publique.fr/loi/279177-loi-17-decembr-2021-conge-specifique-maladie-chronique-ou-cancer-enfant
15,Santé|Solidarités,https://vie-publique.fr/loi/278070-loi-15-fevrier-2021-prolongation-etat-durgence-sanitaire-juin-2021
15,Santé|Solidarités,https://vie-publique.fr/loi/277465-loi-rist-26-avril-2021-ameliorer-le-systeme-de-sante-par-la-confiance
15,Santé|Solidarités,https://vie-publique.fr/loi/279666-loi-gestion-de-la-sortie-de-crise-sanitaire-etat-durgence-sanitaire
15,Santé|Solidarités,https://vie-publique.fr/loi/269371-loi-1er-juillet-2021-en-faveur-de-lengagement-associatif
15,Santé|Solidarités,https://vie-publique.fr/loi/268659-loi-2-aout-2021-bioethique-pma
15,Santé|Solidarités,https://vie-publique.fr/loi/280798-loi-5-aout-2021-vaccination-obligatoire-pass-sanitaire-crise-covid-19
15,Santé|Solidarités,https://vie-publique.fr/loi/281341-loi-du-11-septembre-2021prorogation-outre-mer-etat-durgence-sanitaire
15,Santé|Solidarités,https://vie-publique.fr/loi/281904-loi-prolongation-pass-sanitaire-2022-vigilance-sanitaire
15,Santé|Solidarités,https://vie-publique.fr/loi/280423-loi-17-dec-2021-chassaigne-revalorisation-petites-retraites-agricoles
15,Santé|Solidarités,https://vie-publique.fr/loi/281799-loi-de-financement-la-securite-sociale-2022-plfss-budget-secu
15,Économie|Finances publiques,https://vie-publique.fr/loi/280161-loi-de-finances-rectificative-pour-2021-promulguee-le-19-juillet-2021
15,Économie|Finances publiques,https://vie-publique.fr/loi/281793-loi-besson-moreau-18-octobre-2021-remuneration-des-agriculteurs-egalim-2
15,Économie|Finances publiques,https://vie-publique.fr/loi/282248-loi-1er-decembre-2021-finances-rectificative-second-budget-rectificatif
15,Économie|Finances publiques,https://vie-publique.fr/loi/281041-loi-6-decembre-2021-haut-conseil-des-finances-publiques-hcfp
15,Économie|Finances publiques,https://vie-publique.fr/loi/280062-loi-mesures-durgence-acces-au-foncier-agricole
15,Économie|Finances publiques,https://vie-publique.fr/loi/281020-loi-28-decembre-2021-lolf-modernisation-gestion-des-finances-publiques
15,Économie|Finances publiques,https://vie-publique.fr/loi/281557-loi-de-finances-pour-2022-budget-2022
15,Emploi|Travail,https://vie-publique.fr/loi/278583-loi-2-aout-2021-transposition-de-lani-sante-au-travail
15,Emploi|Travail,https://vie-publique.fr/loi/277434-loi-15-novembre-2021-conge-presence-parentale-enfant-malade
15,Emploi|Travail,https://vie-publique.fr/loi/279177-loi-17-decembr-2021-conge-specifique-maladie-chronique-ou-cancer-enfant
15,Emploi|Travail,https://vie-publique.fr/loi/278858-parite-loi-rixain-24-dec-2021-egalite-professionnelle-femmes-hommes
15,Environnement|Énergies|Transports,https://vie-publique.fr/loi/278460-loi-22-aout-2021-climat-et-resilience-convention-citoyenne-climat
15,Environnement|Énergies|Transports,https://vie-publique.fr/loi/279472-loi-ddadue-2021-adapation-droit-ue-transports-environnement-finances
15,Environnement|Énergies|Transports,https://vie-publique.fr/loi/278056-loi-15-novembre2021-reen-reduire-empreinte-environnementale-du-numerique
15,Environnement|Énergies|Transports,https://vie-publique.fr/loi/282223-loi-regulation-environnementale-du-numerique-par-larcep
15,Environnement|Énergies|Transports,https://vie-publique.fr/loi/278335-loi-28-decembre-2021-reforme-indemnisation-catastrophe-naturelle-catnat
15,Territoires|Logement,https://vie-publique.fr/loi/278224-loi-29-janvier-2021-protection-patrimoine-sensoriel-campagnes-francaises
15,Territoires|Logement,https://vie-publique.fr/loi/278001-loi-sur-les-langues-regionales-loi-molac
15,Éducation|Recherche,https://vie-publique.fr/loi/278926-loi-rilhac-creant-la-fonction-statut-de-directeur-decole
15,Nouvelles technologies|Culture|Médias|Loisirs,https://vie-publique.fr/loi/273465-loi-habilitation-ordonnance-adaptation-code-mondial-antidopage
15,Nouvelles technologies|Culture|Médias|Loisirs,https://vie-publique.fr/loi/281983-loi-visant-au-gel-des-matchs-de-football-le-5-mai-furiani
15,Nouvelles technologies|Culture|Médias|Loisirs,https://vie-publique.fr/loi/279380-loi-lutte-contre-le-piratage-audiovisuel
15,Nouvelles technologies|Culture|Médias|Loisirs,https://vie-publique.fr/loi/278249-loi-2021-lutte-contre-la-maltraitance-animale
15,Nouvelles technologies|Culture|Médias|Loisirs,https://vie-publique.fr/loi/280269-loi-bibliotheques-developpement-lecture-publique
15,Nouvelles technologies|Culture|Médias|Loisirs,https://vie-publique.fr/loi/281850-loi-darcos-30-decembre-2021-prix-frais-de-port-livres-librairies
15,UE|Défense|International,https://vie-publique.fr/loi/277797-loi-4-aout-2021-programmation-aide-publique-developpement-solidaire
15,UE|Défense|International,https://vie-publique.fr/loi/280917-loi-17-dec-2021-ratification-reforme-mecanisme-europeen-de-stabilite
15,Sécurité|Justice,https://vie-publique.fr/loi/280828-loi-24-janvier-2022-responsabilite-penale-et-securite-interieure
15,Sécurité|Justice,https://vie-publique.fr/loi/281790-loi-interdisant-les-therapies-de-conversion-lgbt
15,Sécurité|Justice,https://vie-publique.fr/loi/280240-loi-du-14-fevrier-2022-abrogation-de-lois-obsoletes-balai-2
15,Sécurité|Justice,https://vie-publique.fr/loi/283482-loi-2-mars-2022-simplification-changement-de-nom-dusage-et-de-famille
15,Sécurité|Justice,https://vie-publique.fr/loi/282472-loi-21-mars-2022-waserman-protection-des-lanceurs-dalerte
15,Sécurité|Justice,https://vie-publique.fr/loi/282491-loi-organique-21-mars-2022-defenseur-des-droits-lanceurs-dalerte
15,Collectivités locales|Administration|Fonction publique,https://vie-publique.fr/loi/279815-loi-3ds-decentralisation-deconcentration-collectivites-locales
15,Santé|Solidarités,https://vie-publique.fr/loi/283068-loi-22-janvier-2022-pass-vaccinal-gestion-de-la-crise-sanitaire
15,Santé|Solidarités,https://vie-publique.fr/loi/282605-loi-24-janvier-2022-plateforme-malades-covid-long
15,Santé|Solidarités,https://vie-publique.fr/loi/280364-loi-taquet-7-fevrier-2022-protection-des-enfants-ase
15,Santé|Solidarités,https://vie-publique.fr/loi/277500-loi-du-21-fevrier-2022-visant-reformer-ladoption
15,Santé|Solidarités,https://vie-publique.fr/loi/276586-loi-2-mars-2022-renforcer-droit-avortement-delai-porte-14-semaines
15,Santé|Solidarités,https://vie-publique.fr/loi/281047-lois-14-mars-2022-sur-lois-de-financement-securite-sociale-lfss
15,Économie|Finances publiques,https://vie-publique.fr/loi/281686-loi-du-14-fevrier-2022-activite-professionnelle-independante
15,Économie|Finances publiques,https://vie-publique.fr/loi/278329-loi-28-fevrier-2022-acces-experts-forestiers-aux-donnees-cadastrales
15,Économie|Finances publiques,https://vie-publique.fr/loi/282699-loi-2-mars-2022-reforme-du-regime-de-lassurance-recolte-en-agriculture
15,Territoires|Logement,https://vie-publique.fr/loi/282601-loi-28-fevrier-2022-lemoine-assurance-emprunteur-credit-immobilier
15,Éducation|Recherche,https://vie-publique.fr/loi/282708-loi-balanant-2-mars-2022-combattre-le-harcelement-scolaire
15,Nouvelles technologies|Culture|Médias|Loisirs,https://vie-publique.fr/loi/282265-loi-restitution-spoliation-nazies-klimt-collection-dorville
15,Nouvelles technologies|Culture|Médias|Loisirs,https://vie-publique.fr/loi/279107-loi-2-mars-2022-democratiser-le-sport-en-france
15,Nouvelles technologies|Culture|Médias|Loisirs,https://vie-publique.fr/loi/283359-loi-studer-2-mars-2022-controle-parental-sur-internet-par-defaut
15,Nouvelles technologies|Culture|Médias|Loisirs,https://vie-publique.fr/loi/282626-loi-3-mars-2022-cyberscore-securite-des-plateformes-numeriques
15,UE|Défense|International,https://vie-publique.fr/loi/282261-loi-23-fevrier-2022-reconnaissance-et-reparation-pour-les-harkis
17,Élections|Vie citoyenne,https://vie-publique.fr/loi/295837-loi-du-14-fevrier-2025-election-du-maire-commune-nouvelle
17,Élections|Vie citoyenne,https://vie-publique.fr/loi/283622-petites-communes-parite-scrutin-elections-municipales-loi-21-mai-2025
17,Élections|Vie citoyenne,https://vie-publique.fr/loi/297678-scrutin-liste-elections-municipales-parite-loi-organique-21-mai-2025
17,Élections|Vie citoyenne,https://vie-publique.fr/loi/297853-reforme-droit-de-vote-par-correspondance-des-detenus-loi-18-juillet-2025
17,Élections|Vie citoyenne,https://vie-publique.fr/loi/298090-loi-reforme-plm-mode-de-scrutin-municipales-paris-lyon-marseille
17,Élections|Vie citoyenne,https://vie-publique.fr/loi/293284-statut-de-lelu-local-et-des-maires-loi-gatel-du-22-decembre-2025
17,Sécurité|Justice,https://vie-publique.fr/loi/297235-droit-du-sol-mayotte-loi-du-12-mai-2025-acces-la-nationalite-francaise
17,Sécurité|Justice,https://vie-publique.fr/loi/297230-loi-du-13-juin-2025-visant-sortir-la-france-du-piege-du-narcotrafic
17,Sécurité|Justice,https://vie-publique.fr/loi/297231-parquet-national-anti-criminalite-organisee-narcotrafic-loi-organique
17,Sécurité|Justice,https://vie-publique.fr/loi/297360-justice-penale-des-mineurs-loi-attal-du-23-juin-2025
17,Sécurité|Justice,https://vie-publique.fr/loi/292845-creation-dun-homicide-routier-securite-routiere-loi-du-9-juillet-2025
17,Sécurité|Justice,https://vie-publique.fr/loi/297804-retention-administrative-etrangers-condamnes-oqtf-loi-11-aout-2025
17,Sécurité|Justice,https://vie-publique.fr/loi/297985-loi-consentement-definition-penale-du-viol-6-novembre-2025
17,Sécurité|Justice,https://vie-publique.fr/loi/297834-avortement-rehabiliter-femmes-condamnees-avant-1975-proposition-de-loi
17,Sécurité|Justice,https://vie-publique.fr/loi/298827-elever-alfred-dreyfus-grade-general-de-brigade-loi-attal
17,Collectivités locales|Fonction publique,https://vie-publique.fr/loi/296777-loi-durgence-pour-mayotte-24-fevrier-2025
17,Collectivités locales|Fonction publique,https://vie-publique.fr/loi/297407-prolongation-concours-externes-talents-fonctionnaire-loi-24-mars-2025
17,Collectivités locales|Fonction publique,https://vie-publique.fr/loi/300484-loi-competences-eau-et-assainissement-communes-2025
17,Collectivités locales|Fonction publique,https://vie-publique.fr/loi/298627-maitres-ecoles-wallis-futuna-loi-integration-fonction-publique
17,Collectivités locales|Fonction publique,https://vie-publique.fr/loi/298361-loi-du-15-juillet-2025-etablissement-public-commerce-et-industrie-corse
17,Collectivités locales|Fonction publique,https://vie-publique.fr/loi/298241-mayotte-loi-pour-la-refondation-departement-region-de-mayotte
17,Collectivités locales|Fonction publique,https://vie-publique.fr/loi/300393-loi-report-elections-provinciales-nouvelle-caledonie-6-novembre-2025
17,Collectivités locales|Fonction publique,https://vie-publique.fr/loi/299337-protection-sociale-complementaire-agents-territoriaux-loi-du-22-12-2025
17,Santé|Solidarités,https://vie-publique.fr/loi/288037-hopitaux-loi-du-29-janvier-2025-nombre-minimum-de-soignants-par-patient
17,Santé|Solidarités,https://vie-publique.fr/loi/294423-cancer-du-sein-loi-du-5-fevrier-2025-meilleure-prise-en-charge-des-soins
17,Santé|Solidarités,https://vie-publique.fr/loi/295787-maladie-de-charcot-loi-du-17-fevrier-2025-acces-la-pch
17,Santé|Solidarités,https://vie-publique.fr/loi/292058-interdiction-puffs-cigarette-electronique-jetable-loi-du-24-fevrier-2025
17,Santé|Solidarités,https://vie-publique.fr/loi/295695-plfss-2025-loi-du-28-fevrier-2025-de-financement-de-la-securite-sociale
17,Santé|Solidarités,https://vie-publique.fr/loi/292250-loi-neuder-numerus-apertus-etudes-de-medecine-27-juin-2025
17,Santé|Solidarités,https://vie-publique.fr/loi/297628-loi-du-27-juin-2025-sur-la-profession-dinfirmier
17,Santé|Solidarités,https://vie-publique.fr/loi/289931-creation-dun-registre-national-des-cancers-loi-du-30-juin-2025
17,Santé|Solidarités,https://vie-publique.fr/loi/293382-violences-securite-des-professionnels-de-sante-loi-du-9-juillet-2025
17,Santé|Solidarités,https://vie-publique.fr/loi/300445-loi-de-financement-de-la-securite-sociale-2026-retraites-lfss
17,Économie|Finances publiques,https://vie-publique.fr/loi/295632-budget-2025-loi-du-14-fevrier-2025-de-finances-pour-2025
17,Économie|Finances publiques,https://vie-publique.fr/loi/293190-frais-bancaires-de-succession-deces-loi-du-13-mai-2025
17,Économie|Finances publiques,https://vie-publique.fr/loi/297018-fraude-aux-aides-publiques-demarchage-telephonique-loi-du-30-juin-2025
17,Économie|Finances publiques,https://vie-publique.fr/loi/298841-loi-midy-du-3-novembre-2025-tva-auto-entrepreneurs-abrogation-reforme
17,Économie|Finances publiques,https://vie-publique.fr/loi/300664-loi-du-6-novembre-2025-renforcer-la-lutte-contre-la-fraude-bancaire
17,Économie|Finances publiques,https://vie-publique.fr/loi/300852-loi-du-8-decembre-2025-de-finances-de-fin-de-gestion-pour-2025
17,Économie|Finances publiques,https://vie-publique.fr/loi/301464-loi-speciale-du-26-decembre-2025-projet-de-loi-de-finances-2026
17,Travail,https://vie-publique.fr/loi/296230-loi-du-21-janvier-2025-derogation-tickets-restaurant
17,Travail,https://vie-publique.fr/loi/298480-pma-et-adoption-discrimination-au-travail-loi-thevenot-du-30-juin-2025
17,Travail,https://vie-publique.fr/loi/298484-loi-du-24-oct-2025-transposition-ani-emploi-des-seniors-dialogue-social
17,Agriculture,https://vie-publique.fr/loi/296975-chambres-agriculture-msa-democratie-agricole-proposition-de-loi
17,Agriculture,https://vie-publique.fr/loi/293758-loi-du-14-mars-2025-proliferation-du-frelon-asiatique-filiere-apicole
17,Agriculture,https://vie-publique.fr/loi/293610-agriculture-loi-24-mars-2025-dorientation-souverainete-agricole
17,Agriculture,https://vie-publique.fr/loi/297758-relation-commerciale-secteur-agroalimentaire-loi-travert-14-avril-2025
17,Agriculture,https://vie-publique.fr/loi/297061-pesticides-loi-23-avril-2025-ependage-par-drones-sur-les-cultures
17,Agriculture,https://vie-publique.fr/loi/297070-loi-duplomp-agriculture-pesticides-bassines-11-aout-2025
17,Environnement|Énergies|Transports,https://vie-publique.fr/loi/293656-pfas-polluants-eternels-loi-ecologiste-du-27-fevrier-2025
17,Environnement|Énergies|Transports,https://vie-publique.fr/loi/297888-loi-du-14-avril-2025-saint-avold-conversion-des-centrales-charbon
17,Environnement|Énergies|Transports,https://vie-publique.fr/loi/293022-securite-dans-les-transports-loi-tabarot-du-28-avril-2025
17,Logement,https://vie-publique.fr/loi/297575-encadrement-des-loyers-outre-mer-loi-du-13-juin-2025
17,Logement,https://vie-publique.fr/loi/292874-faciliter-transformation-de-bureaux-en-logements-loi-du-16-juin-2025
17,Logement,https://vie-publique.fr/loi/298613-simplification-droit-de-lurbanisme-et-du-logement-loi-26-novembre-2025
17,Enseignement supérieur|Culture,https://vie-publique.fr/loi/298198-loi-16-juillet-2025-restitution-tambour-parleur-la-cote-divoire
17,Enseignement supérieur|Culture,https://vie-publique.fr/loi/297444-lutte-contre-lantisemitisme-enseignement-superieur-loi-31-juillet-2025
17,UE|International,https://vie-publique.fr/loi/293854-loi-25-mars-2025-accords-espace-aerien-commun-ue-ukraine-et-armenie
17,UE|International,https://vie-publique.fr/loi/295987-loi-ddadue-du-30-avril-2025-diverses-dispositions-dadaptation-droit-ue
17,UE|International,https://vie-publique.fr/loi/297835-accord-cadre-privileges-et-immunites-nations-unies-loi-du-23-mai-2025
17,UE|International,https://vie-publique.fr/loi/296373-loi-30-mai-25-accord-centre-developpement-cyber-balkans-occidentaux-c3bo
17,UE|International,https://vie-publique.fr/loi/294850-loi-23-juin-2025-ratification-resolution-prevention-pollution-des-mers
17,UE|International,https://vie-publique.fr/loi/294602-loi-22-oct-2025-ratification-convention-oit-securite-sante-travailleurs
